time_published,title,summary,overall_sentiment_score,relevance_score
20230113T214800,China acquires 'golden shares' in two Alibaba units,"China has acquired ""golden shares"" with special rights in two domestic units of Alibaba Group Holding Ltd, according to business registration records. These acquisitions are part of Beijing's ongoing efforts to strengthen control over online content and data within private online media and content companies. The stakes, typically around 1% of a firm, grant government-backed funds board representation or veto rights on key business decisions.",0.022498,0.34226
20230328T054200,Alibaba will reorganize into 6 units in the ‘ultimate value unlock’; stock soars,"Alibaba Group Holding Ltd. announced a major reorganization into six business units, each with its own CEO and board, aiming to unlock shareholder value and potentially lead to future IPOs. The overall company will still be led by Daniel Zhang, its chairman and CEO. This news caused Alibaba's stock to soar after a 25% decline over the past year.",0.432647,1.0
20230721T000000,"Is Alibaba Stock a Buy, a Sell or Fairly Valued Right Now?","Morningstar has adjusted Alibaba Group's fair value estimate downward by 25% to US$128 per ADR and HK$124 for its Hong Kong listing due to a reorganization plan and changes in China's online consumption landscape. Despite this, Alibaba's stock is still considered deeply undervalued, with current prices mainly reflecting the value of Taobao, Tmall, strategic investments, and cash. However, analysts suggest there are more attractive e-commerce investment opportunities due to Alibaba's faster-than-expected market share loss.",-0.058758,1.0
20230818T042700,NACP adds Alibaba Group Holding Limited to list of war sponsors,"Ukraine's National Agency on Corruption Prevention (NACP) has added Alibaba Group Holding Limited to its list of international sponsors of Russia's war. The NACP cites Alibaba's AliExpress platform operating in Russia and facilitating sales of goods made from copper from occupied Ukrainian territories, as well as alleged censorship of Ukrainian content related to the war. Alibaba.com RU LLC's 2022 profit of 16.3 billion rubles ($160 million) was also noted.",-0.453376,1.0
20231116T065700,"Alibaba's Hong Kong shares drop 10% after it shelves cloud spinoff, citing U.S. chip restrictions","Alibaba's Hong Kong shares fell nearly 10% after the company announced it would not proceed with the full spinoff of its cloud computing unit, citing U.S. chip export restrictions. The company stated that the restrictions ""created uncertainties for the prospects of Cloud Intelligence Group"" and that a full spin-off might not enhance shareholder value. Alibaba also announced its first-ever annual cash dividend and plans for a strategic review of its businesses.",0.005998,0.326514
20241103T000000,Alibaba Group Holding Limited (NYSE:BABA) Shares Could Be 42% Below Their Intrinsic Value Estimate,"This article estimates the intrinsic value of Alibaba Group Holding Limited (NYSE:BABA) to be US$170, suggesting it is 42% undervalued compared to its current share price of US$97.58. The valuation uses a 2-stage Discounted Cash Flow (DCF) model and highlights the importance of discount rates and cash flow estimates in the calculation. While the analysis points to good value, it also cautions that valuations are imprecise and encourages investors to consider additional factors like risks and future earnings forecasts.",0.402104,1.0
20241127T000000,"After Earnings, Is Alibaba Stock a Buy, a Sell, or Fairly Valued?","Morningstar maintains Alibaba's fair value estimate at $100 per share, rating its stock as fairly valued despite market share loss in China's e-commerce. The company shows strong financial health with a wide economic moat, though it faces increasing competition and high uncertainty due to regulatory scrutiny and business ethics concerns.",-0.101716,0.963413
20250220T040227,Alibaba Group Announces December Quarter 2024 Results,"Alibaba Group announced its financial results for the quarter ended December 31, 2024, showing an 8% year-over-year revenue increase to RMB280,154 million and a significant 83% rise in income from operations. The company saw re-accelerated growth in core businesses like Taobao & Tmall Group and Cloud Intelligence Group, with AI-related cloud revenue growing over 100% for the sixth consecutive quarter. Alibaba also continued strategic divestments and share buybacks, showcasing financial discipline while investing for long-term growth.",0.410579,1.0
20250325T020500,Alibaba’s Tsai Warns of ‘Bubble’ in AI Data Center Buildout,"Alibaba Group Holding Ltd. Chairman Joe Tsai has warned of a potential bubble in AI data center construction, suggesting that the current buildout pace might exceed the actual demand for AI services. He noted that many projects seem to be initiated without clear customers, indicating an indiscriminate rush by tech firms and investors. Tsai shared these concerns at the HSBC Global Investment Summit in Hong Kong.",-0.150333,1.0
20250402T011658,Alibaba seen as a better AI stock than Nvidia and a hedge against tariff risks,"EMJ Capital founder Eric Jackson suggests Alibaba (BABA) is a better AI investment than Nvidia, citing its strong financials, upcoming AI model ""Qwen 3,"" and a 1.51% dividend yield. The article also highlights BABA's minimal exposure to potential US tariffs, with over 90% of its revenue from China, and significant planned AI spending which analysts believe could drive a 35% upside in its share price.",0.023396,0.332303
20250416T115100,"Alibaba’s stock is falling, and a development at Nvidia could be the reason","Alibaba Group Holding Ltd.'s U.S.-listed shares dropped by about 5% following news of new restrictions on Nvidia's sales to China. An analyst suggests this development could negatively impact Alibaba's AliCloud cloud-computing business, which is a significant customer of Nvidia's advanced chips. The situation highlights the impact of the Trump administration's trade war with China on prominent tech companies.",0.037067,0.331324
20250516T233839,"Alibaba Earnings: Results In Line, With Cloud Business to Drive Growth","Alibaba's March-quarter cloud revenue grew 18% year-on-year, with its cloud business's adjusted EBITA margin falling to 8.0%. The company expects the rising adoption of Quanzhantui to enhance monetization until fiscal 2026 and maintains a $150 fair value estimate for the stock. Despite rising investments, Alibaba's leading public cloud market share and strong AI revenue potential suggest a positive long-term outlook for its cloud business.",0.34997,1.0
20250602T220759,Alibaba Group Holding's (NYSE:BABA) Shareholders Will Receive A Bigger Dividend Than Last Year,"Alibaba Group Holding (NYSE:BABA) announced a higher dividend payment of CN¥1.98 for its shareholders, payable on July 10th. While the dividend yield at 0.9% is below the industry average, the payment is well-covered by the company's cash flow and earnings, with future earnings per share projected to rise by 44.3% over the next year. Despite a relatively short dividend history and modest per-annum growth of 3.1% since 2023, the payout ratio of 2.4% suggests good sustainability for the dividend.",0.27752,1.0
20250605T220759,"Alibaba ramps up talent search, employment for smart tech edge","Alibaba Group Holding Ltd is significantly increasing its efforts to recruit and cultivate AI talent, offering over 3,000 internship positions for fresh graduates, with nearly half of them focused on AI. This initiative reflects the company's strong belief in the transformative potential of artificial intelligence to reshape its business landscape and its commitment to a 380 billion yuan investment in AI infrastructure. Alibaba's CEO, Wu Yongming, emphasizes that AI represents a ""once-in-a-generation industry transformation opportunity"" with the primary goal of achieving artificial general intelligence.",0.429926,1.0
20250624T220759,"Alibaba Group Holding Limited (NYSE:BABA) most popular amongst retail investors who own 51% of the shares, institutions hold 44%","Retail investors own 51% of Alibaba Group Holding Limited (NYSE:BABA), making them the largest shareholder group and significant influencers of company decisions. Institutions hold 44% of the shares, with BlackRock, Inc. being the largest institutional investor at 5.4%. The article highlights that while institutional ownership can add credibility, the collective power of retail investors is substantial in this company.",0.145164,1.0
20250703T191600,"Alibaba plans to raise $1.53 billion with exchangeable bonds for cloud, commerce push","Alibaba Group plans to raise approximately $1.53 billion through exchangeable bonds to fund investments in its cloud infrastructure and global commerce operations. These bonds, linked to Alibaba Health Technology shares, will allow investors to exchange them for shares in Alibaba Health and will not accrue interest. This move follows a $5 billion dual-currency bond issue in November 2024 and aims to capitalize on the increasing appeal of the Asian credit market.",0.30758,1.0
20250711T120000,Alibaba Risks Deepening $100 Billion Rout as Turf War Heats Up,"Alibaba Group Holding Ltd. has seen a $100 billion market value loss due to an intense and protracted battle in China's food-delivery market. Its Hong Kong-listed shares have plummeted 27% since March, raising concerns about future profits and investor confidence amid what's called ""involution"" in the industry. Other rivals like JD.com Inc. and Meituan have experienced similar declines.",-0.413655,1.0
20250722T174500,"Lobbying Update: $720,000 of ALIBABA GROUP HOLDING LIMITED lobbying was just disclosed | BABA Stock News","A recent disclosure revealed ALIBABA GROUP HOLDING LIMITED (BABA) spent $720,000 on lobbying in Q2 2025, addressing issues from small and medium-sized enterprise export promotion to e-commerce best practices and U.S. capital market access. The article also details significant congressional stock trading activities by Representatives Josh Gottheimer and Robert Bresnahan, substantial hedge fund movements with both additions and removals of BABA shares, and recent analyst ratings and price targets for the stock.",0.28416,1.0
20250901T000000,Alibaba Group Holding Limited ($BABA) Stock: AI and Cloud Growth Ignite 19% Rally Despite Quick Commerce Drag,"Alibaba Group Holding Limited's stock ($BABA) rallied by 12.9% in the U.S. and 19% in Hong Kong after strong Q2 FY25 results, primarily driven by accelerating growth in its cloud division and investor optimism surrounding AI developments, including a new AI chip. Despite modest overall revenue growth and profitability drag from instant commerce investments, investors are prioritizing Alibaba's long-term AI and cloud trajectory. The cloud unit saw a 26% revenue surge, with AI-related product revenue growing triple digits, positioning it as a key growth engine for the company.",0.488009,1.0
20250901T034200,"Alibaba shares jump 19% on cloud unit acceleration, report of new AI chip","Alibaba's Hong Kong-listed shares surged over 19% on strong quarterly results, driven by accelerating growth in its cloud computing unit and investments in new areas. The company's net income for the June quarter significantly surpassed forecasts, and reports of a new AI chip also contributed to the share rally. Alibaba is also investing heavily in China's competitive ""instant commerce"" market.",0.602162,1.0
20250908T064700,Alibaba Is No. 1 for China Traders Plowing $1.7 Billion in Stock,"Chinese investors are heavily investing in Alibaba Group Holding Ltd. stock, pouring $1.7 billion into the company last week through mainland-Hong Kong trading links. This surge in investment is driven by renewed optimism about Alibaba's potential in artificial intelligence, making it the top stock pick for these traders. The weekly net purchases mark a significant increase and the highest monthly total since April.",0.455427,1.0
20250924T000000,Alibaba Group Holding Limited's (NYSE:BABA) Shares Climb 33% But Its Business Is Yet to Catch Up,"Alibaba Group Holding Limited's shares have gained 33% in the last thirty days, bringing its annual gain to 68%. Despite this strong stock performance, its current P/E ratio around 17.5x is only similar to the US market median P/E of 19x, leading to questions about whether the business growth can sustain this. Analysts predict a modest 3.8% annual earnings growth for Alibaba over the next three years, significantly lower than the market's expected 11%, suggesting potential future challenges for the stock price despite recent strong earnings.",-0.171412,1.0
20251012T082507,Commerzbank Aktiengesellschaft FI Lowers Position in Alibaba Group Holding Limited $BABA,"Commerzbank Aktiengesellschaft FI significantly reduced its stake in Alibaba Group Holding Limited by 42.9% in the second quarter, selling 2,199 shares and holding 2,932 shares worth $333,000. Despite this, other institutional investors like Kingstone Capital Partners and Goldman Sachs Group substantially increased their holdings in Alibaba. Alibaba's stock is currently down 8.6%, yet analysts maintain a ""Buy"" rating with an average target price of $188.06, indicating mixed sentiment but overall positive outlook.",0.013723,0.322378
20251012T094118,Alibaba Group Holding Limited $BABA is Summa Corp.'s 9th Largest Position,"Summa Corp. significantly reduced its stake in Alibaba Group Holding Limited by 66.6% in the second quarter, making Alibaba its 9th largest position. Despite this reduction, other institutional investors have added to their holdings. Alibaba's stock shows volatility with a broad price range over the last year, and analysts have varied ratings with a consensus price target of $188.06.",0.040663,0.320796
20251013T025005,Hong Kong stocks fall most since ‘Liberation Day’ rout on renewed US-China tensions,"Hong Kong stocks experienced their sharpest decline since April, plunging 3.5% at noon, fueled by renewed US-China trade tensions. The sell-off was triggered by President Donald Trump's threat of 100% tariffs on all Chinese imports and restrictions on critical software exports, in retaliation for Beijing's rare earths export tightening. Companies heavily exposed to the US market, such as WuXi AppTec and Alibaba, led the losses.",0.037694,0.346357
20251013T151939,"US, China leaders will avoid ‘race to the bottom’: Alibaba’s Joe Tsai - South China Morning Post","Alibaba Group Holding chairman Joe Tsai expressed optimism about US-China trade tensions, stating that leaders will avoid a ""race to the bottom"" due to their symbiotic relationship. He also commented on the AI race, highlighting China's advantages in consumer application proliferation and a large manufacturing base for data development, as Alibaba invests heavily in AI infrastructure and its Qwen model family.",0.019468,0.339886
20251014T081600,Alibaba.com: AI Boosts Sep's Peak Foreign Trade Orders by 30% - AASTOCKS.com,"Alibaba.com reported that its AI Agent is utilized daily by 140,000 global sellers for foreign trade activities. The integration of AI into e-commerce searches for overseas buyers contributed to a significant 30% increase in order volume during September's peak foreign trade season. The article also notes recent stock performance of BABA-W.",0.02089,0.349106
20251014T114939,"Alibaba's Stock Comeback Has More Room To Run, Say Analysts","Analysts from Goldman Sachs, Daiwa Securities, and China International Capital Corporation (CICC) believe Alibaba's stock comeback has further room to grow, driven by strong cloud performance and advancements in AI. They have raised price targets and reaffirmed Buy ratings, despite some forecasting short-term EBITA losses due to investments in flash purchase services. Alibaba Cloud's full-stack AI capabilities and anticipated profit recovery in Taobao-Tmall are key factors supporting this optimistic outlook.",0.014727,0.348907
20251015T034900,Alibaba Cloud Launches Second Data Center in Dubai - AASTOCKS.com,"Alibaba Cloud, a subsidiary of BABA-W (09988.HK), has launched its second data center in Dubai to address increasing cloud demand. This expansion adds to Alibaba Cloud's global presence, now spanning 29 regions and 92 availability zones. It marks another new data center for the company this year, following others in Thailand, South Korea, Malaysia, Mexico, Beijing, Shanghai, and Hangzhou.",0.049962,0.344112
20251015T034900,Alibaba Cloud Launches Second Data Center in Dubai - AASTOCKS.com,"Alibaba Cloud, a subsidiary of BABA-W, has launched its second data center in Dubai, expanding its global footprint to 29 regions and 92 availability zones. This new facility aims to meet the increasing demand for cloud services. This marks another step in Alibaba Cloud's global expansion for the current year, following openings in several other countries and cities.",0.033015,0.34926
20251016T000429,"Cathie Wood’s ARK ETF adjusts, buys Baidu and Alibaba stock - Investing.com India","This article reports that Cathie Wood's ARK ETF made adjustments to its portfolio, including the purchase of stocks in Chinese tech giants Baidu and Alibaba. The specific ARK ETF and the number of shares bought are not detailed in this provided content. This indicates a strategic move by ARK into these companies.",0.028734,0.337411
20251016T173949,Alibaba Says AI Investment in E-Commerce Reaches Break-Even Point,"Alibaba Group Holding Ltd. announced that its significant AI investments in e-commerce have reached a break-even point, showing measurable business gains. AI tools have driven a 12% rise in advertising return on spend and are expected to boost gross merchandise volume during the upcoming Singles Day event. The company plans to invest 380 billion yuan ($53 billion) over three years in AI and cloud infrastructure, seeing AI and consumerism as key future growth drivers.",0.022651,0.344468
20251017T093000,Alibaba confident AI tools will drive sales and empower Singles' Day shoppers - Yahoo Finance,"Alibaba is leveraging its AI models to boost sales and enhance the shopping experience for Singles' Day, China's largest shopping event. The company reports significant improvements in search relevance, advertising return on investment, and click-through rates due to AI deployment. New consumer-facing AI tools like a personal shopping assistant and ""Snap and Shop"" are also being introduced to personalize and simplify the shopping process.",0.009459,0.346154
20251017T120019,Alibaba confident AI tools will drive sales and empower Singles’ Day shoppers - South China Morning Post,"Alibaba is leveraging AI tools, specifically its Qwen large language models, to boost sales and enhance the shopping experience for its annual Singles’ Day promotion. Early deployments on Taobao and Tmall have shown significant improvements in search relevance, advertising return on investment, and click-through rates. The company expects AI integration to be crucial for driving traffic and sales during the extended four-week retail event.",0.012423,0.346822
20251018T063049,A Fresh Look at Alibaba (NYSE:BABA) Valuation as Shares Sustain Recent Rally - simplywall.st,"Alibaba Group Holding (NYSE:BABA) shares have rallied significantly over the past three months, with investors re-evaluating its valuation. While one narrative suggests the stock is 56% overvalued with a fair value of $107.09 due to macro headwinds and geopolitical risks, another perspective highlights Alibaba's attractiveness with a P/E ratio of 17.9x, significantly below industry and peer averages. The article presents these contrasting views and encourages investors to conduct their own analysis.",0.038616,0.341591
20251022T070219,Alibaba Leads Goldman's Top Chinese Picks For Global Growth - Alibaba Gr Hldgs (NYSE:BABA),"Goldman Sachs has identified 25 top Chinese companies, including Alibaba, CATL, and BYD, as key beneficiaries of a ""going global"" trend, driven by a weaker yuan and stronger supply chains. These companies have already outperformed major indices, and their overseas expansion is expected to boost earnings growth by about 1.5% annually through 2028. Alibaba's stock, in particular, has seen significant gains due to its cloud unit and AI model integration, with analysts from Goldman, Daiwa, and CICC optimistic about its continued growth.",0.044468,0.342553
20251022T070219,"Lobbying Update: $1,050,000 of ALIBABA GROUP HOLDING LIMITED lobbying was just disclosed","ALIBABA GROUP HOLDING LIMITED disclosed $1,050,000 in lobbying expenditures for Q3 2025, covering issues such as export promotion, IP protection, and AI legislation. The article also details recent congressional stock trades involving BABA, significant hedge fund activity with major position removals, and current positive analyst ratings and price targets for the stock.",0.028195,0.310271
20251102T113504,Alibaba Group Announces March Quarter 2025 and Fiscal Year 2025 Results,"Alibaba Group reported strong financial results for the quarter and fiscal year ended March 31, 2025, driven by its ""user first, AI-driven"" strategy. Revenue for the quarter increased by 7% year-over-year, and Adjusted EBITA grew by 36%. For the full fiscal year, revenue increased by 6%, and the company announced significant share repurchases totaling US$11.9 billion and dividends of US$4.6 billion, demonstrating a commitment to shareholder returns.",0.517785,1.0
20251102T113505,Alibaba Group Holding Limited American Depositary Shares each representing eight NYSE,"This article provides current stock information for Alibaba Group Holding Limited (BABA), including its live quotes, price performance, and analyst ratings. It also features a section indicating that no earnings information is currently available and suggests signing up for trade alerts.",-0.239823,1.0
20251117T050216,Rosen Law Firm Encourages Alibaba Group Holding Limited Investors to Inquire About Securities Class Action Investigation – BABA,"The Rosen Law Firm has announced an investigation into potential securities claims on behalf of Alibaba Group Holding Limited (NYSE: BABA) shareholders. This follows allegations that Alibaba may have issued materially misleading business information, especially after Reuters reported that the White House accused Alibaba of aiding the Chinese military. Investors who purchased Alibaba securities are encouraged to contact the law firm to join the prospective class action and potentially recover losses.",-0.384013,1.0
20251118T090000,Alibaba Group Holding Ltd. Investigated by the Portnoy Law Firm,"The Portnoy Law Firm has announced an investigation into potential securities fraud involving Alibaba Group Holding Ltd. This comes after a Financial Times article reported that a White House memo claimed Alibaba was assisting the Chinese military in targeting the U.S. Alibaba's shares declined following this news, and the firm is encouraging investors to contact them to discuss their legal rights.",-0.416544,1.0
20251203T050216,Alibaba Group Holding Limited $BABA Position Raised by Taikang Asset Management Hong Kong Co Ltd,"Taikang Asset Management Hong Kong Co Ltd significantly increased its position in Alibaba Group Holding Limited by 21.4% in the second quarter, buying 30,000 additional shares to hold a total of 170,000 shares valued at approximately $19.28 million. This move makes Alibaba its 9th largest holding, representing about 2.5% of the fund's portfolio, with other institutional investors collectively owning 13.47% of the company's stock. Wall Street maintains a ""Moderate Buy"" consensus rating for Alibaba, with an average price target of $191.89, as the stock recently opened higher at $164.27.",0.468724,1.0
20251203T200942,Schroder Investment Management Group Has $18.49 Million Stock Holdings in Alibaba Group Holding Limited $BABA,"Schroder Investment Management Group reduced its stake in Alibaba Group Holding Limited by 18.1% in Q2, now holding shares valued at approximately $18.49 million. The firm sold 36,096 shares, retaining 162,991 shares of the company. Despite the reduction by Schroder, analysts maintain a ""Moderate Buy"" rating for Alibaba with a consensus target price of $191.89, while the stock currently trades around $161.",0.266748,1.0
20251204T212800,Alibaba Group Holding Limited (BABA): A Bull Case Theory,"This article summarizes a bullish thesis on Alibaba Group Holding Limited (BABA), highlighting its strong position in China's digital economy, significant e-commerce penetration, and triple-digit growth in its cloud business heavily invested in AI infrastructure. The thesis emphasizes Alibaba's strong capital returns, its stock appreciation in 2025, and its highly-rated Qwen3 AI model, presenting it as an undervalued alternative to other tech giants. The company's market capitalization stands at US$380 billion, trading at 18x P/E.",0.410825,1.0
20251205T200918,Guotai Haitong Sticks to Their Buy Rating for Alibaba Group Holding Ltd. (9988),"Guotai Haitong has reiterated its Buy rating for Alibaba Group Holding Ltd. (9988) with a price target of HK$181.00. The company reported a significant increase in quarterly revenue and net profit for the quarter ending June 30, with a consensus analyst rating of Strong Buy.",0.432025,1.0
20251206T200942,Sinolink Securities Keeps Their Buy Rating on Alibaba Group Holding Ltd. (9988),"Sinolink Securities has reaffirmed its Buy rating on Alibaba Group Holding Ltd. (9988) with a price target of HK$192.48. This aligns with the overall analyst consensus, which rates Alibaba as a Strong Buy with an average price target of HK$202.85. The company's latest reported quarterly revenue was HK$247.65 billion, with a net profit of HK$40.65 billion.",0.044697,0.301754
20251208T030216,"M Stanley Forecasts Food Delivery Competition to Peak in 3Q, Prefers Alibaba Group/ PDD Within E-commerce","Morgan Stanley predicts that competition in the food delivery sector will reach its peak in the third quarter of 2025, following new regulations from China's State Administration for Market Regulation. Within the e-commerce landscape, Morgan Stanley expresses a preference for Alibaba Group due to its leadership in AI enablement in China, followed by PDD Holdings. This forecast suggests a gradual easing of competition starting in the fourth quarter of 2025.",0.217565,0.991069
20251208T200926,Alibaba Group Holding (NYSE:BABA): Rethinking Valuation After AI Glasses Launch and Ecosystem Integration Push,"Alibaba Group Holding has launched Quark AI Glasses and integrated more services into Taobao, signaling a deep commitment to AI and ecosystem enhancement. Despite a significant year-to-date rally and a 74.15% 1-year shareholder return, the company's valuation still suggests it is undervalued by analysts. This article explores whether Alibaba's AI and cloud investments will drive future earnings and close the perceived valuation gap.",0.406703,1.0
20251209T170926,Why Alibaba Stock Is a Great Way to Ride the AI Boom,"Alibaba Group is strongly positioned in China's AI transformation due to its cloud services, which are experiencing significant growth from AI-related revenues. The company has developed a full-stack AI strategy, including its large language model Qwen and plans for domestic AI chips, giving it a strong competitive advantage. Furthermore, Alibaba's vast digital ecosystem allows it to embed AI across various services, creating a powerful flywheel effect that boosts performance and data generation.",0.344486,1.0
20251209T205432,Alibaba Stock Slides Tuesday: What's Happening?,"Shares of Alibaba Group (NASDAQ: BABA) are trading lower due to China's Politburo pledging to prioritize domestic demand, suggesting weaker consumer demand than anticipated. Additionally, reports of potential restrictions on Nvidia H200 chip access in China are adding to investor concerns. Despite these headwinds, Alibaba has recently announced several AI partnerships and significant growth in its Qwen app's monthly active users.",0.002753,0.319393
20251210T160918,"ByteDance, Alibaba keen to order Nvidia H200 chips","Chinese tech giants ByteDance and Alibaba are reportedly eager to place large orders for Nvidia's H200 AI chips following US President Donald Trump's decision to allow their export to China. The companies are, however, concerned about supply and still awaiting green light from Beijing, which had previously barred government-funded data centers and Chinese tech companies from buying Nvidia's AI GPUs.",0.156959,1.0
20251210T172600,Why Alibaba Stock Inched Higher Today,"Alibaba Group's stock closed higher after a report indicated its AI model, Qwen, is being used to train a proprietary, for-pay AI model (""Avocado"") by a major U.S. tech company, Meta Platforms. This collaboration, while not significantly impactful for immediate revenue, enhances Alibaba's reputation as a key player in the AI revolution. Investors responded positively, pushing shares almost 2% skyward.",0.149152,1.0
20251211T151007,INVESTOR ALERT: Pomerantz Law Firm Investigates Claims On Behalf of Investors of Alibaba Group Holding Limited - BABA,"Pomerantz LLP is investigating potential securities fraud claims against Alibaba Group Holding Limited (NYSE: BABA) after reports from the Financial Times indicated that Alibaba provides technological support for Chinese military operations targeting the United States. Following this news, Alibaba's ADR price dropped by 3.78% on November 14, 2025. Investors are encouraged to contact Pomerantz LLP for more information about joining a potential class action lawsuit.",-0.643568,1.0
20251211T161007,Meta Turns To Alibaba's Qwen To Train Its Next AI Model,"Meta Platforms (NASDAQ: META) is reportedly leveraging Alibaba Group Holding Limited's (NYSE: BABA) Qwen open-source AI model, along with systems from Alphabet Inc.'s (NASDAQ: GOOGL) Google and OpenAI, to develop its new AI model, code-named Avocado. This move signals a strategic shift in Meta's AI ambitions, focusing on higher-return AI initiatives and reallocating resources from metaverse projects. The Avocado model, likely to be available only through an API, is being developed in Meta's TBD Lab and is part of a broader effort to contain Reality Labs losses and strengthen EPS growth.",0.273407,0.946977
20251212T050932,Orient Securities Sticks to Its Buy Rating for Alibaba Group Holding Ltd. (9988),"Orient Securities has reaffirmed its Buy rating on Alibaba Group Holding Ltd. (9988) with a price target of HK$212.43. This follows a similar Buy rating from CGS-CIMB with a target of HK$231.00. Alibaba reported strong quarterly revenue of HK$247.65 billion and a net profit of HK$40.65 billion for the period ending June 30, showing growth compared to the previous year.",0.41822,1.0
20251213T190854,"Fund 1 Investments LLC Acquires Shares of 30,000 Alibaba Group Holding Limited $BABA","Fund 1 Investments LLC has acquired 30,000 shares of Alibaba Group Holding Limited (NYSE:BABA) during the second quarter, valued at approximately $3.402 million. This move is part of broader institutional interest in Alibaba, as other hedge funds and investors have also adjusted their holdings. Wall Street analysts currently rate Alibaba as a ""Moderate Buy"" with an average price target of $194.00.",0.340449,1.0
20251213T190854,"Alkeon Capital Management LLC Acquires Shares of 1,625,000 Alibaba Group Holding Limited $BABA","Alkeon Capital Management LLC has acquired 1,625,000 shares of Alibaba Group Holding Limited (NYSE:BABA) in the second quarter, making it a new significant institutional investor. Other major institutional investors like Kingstone Capital Partners Texas LLC, Primecap Management Co. CA, and Price T Rowe Associates Inc. MD also substantially increased their holdings in Alibaba. Analysts currently rate Alibaba with a ""Moderate Buy"" consensus and a price target of $194.00, reflecting positive sentiment towards the company.",0.428294,1.0
20251214T120853,"151,120 Shares in Alibaba Group Holding Limited $BABA Acquired by Marex Group plc","Marex Group plc recently acquired 151,120 shares of Alibaba Group Holding Limited, valued at approximately $17.14 million, making it their 23rd-largest holding. Alibaba currently holds a ""Moderate Buy"" rating from analysts with an average price target of $194.00, despite some recent stock fluctuations. Other institutional investors have also adjusted their positions in BABA, while the stock currently trades around $155.56 with a market cap of $371.18 billion.",0.434454,1.0
20251214T140853,"Wellington Capital Management Inc. Takes $386,000 Position in Alibaba Group Holding Limited $BABA","Wellington Capital Management Inc. has acquired a new position in Alibaba Group Holding Limited (NYSE:BABA), purchasing 3,405 shares valued at approximately $386,000 in the second quarter. Alibaba currently holds a ""Moderate Buy"" consensus rating from analysts, with a target price around $194. The company's shares recently opened at $155.56, trading within a 52-week range of $80.06 to $192.67, and it maintains a market capitalization of $371 billion.",0.228688,1.0
20251215T170943,Will Rising Capex Pressure Hurt Alibaba's Margin and AI Strategy?,"Alibaba Group Holding (BABA) faces significant margin pressure due to ambitious infrastructure expansion, committing RMB 380 billion over three years for AI and cloud development. Despite triple-digit growth in AI-related products, profitability remains elusive, with Cloud Intelligence Group's EBITA margins expected to remain low and the International Digital Commerce segment still operating at a loss. This aggressive capital expenditure, especially in data centers and quick commerce, raises investor concerns about whether AI monetization can offset the substantial capital intensity impacting Alibaba's overall profitability.",-0.402863,1.0
20251215T180852,"Alibaba Stock (BABA) News & Forecast: AI Cloud Surge, Nvidia H200 Twist, and What Wall Street Expects Next (Dec. 14, 2025)","This article provides a comprehensive overview of Alibaba (BABA) stock, focusing on its AI and cloud growth, the impact of Nvidia H200 chip export decisions, and intense competition in instant retail. It details Alibaba's September quarter performance, analyst forecasts, and the bull versus bear cases, underscoring the company's significant investments in AI infrastructure amid a volatile market.",0.196267,1.0
20251216T180500,What Alibaba Needs to Prove in 2026,"This article outlines four key areas Alibaba (NYSE: BABA) must demonstrate progress in during 2026 to convert its 2025 strategic advancements into sustainable financial results and regain investor confidence. These include improving profitability in its AI-led cloud business, achieving self-sustaining stability in its e-commerce operations, narrowing losses in quick commerce, and exhibiting greater execution focus and discipline across the organization.",0.348938,1.0
20251216T180852,Alibaba in 2025: Three Shifts That Investors Should Know Before Entering 2026,"In 2025, Alibaba Group redefined its trajectory by prioritizing cloud and AI, stabilizing its core e-commerce business, and repositioning itself as a broader technology and AI platform. The company's cloud segment, driven by AI demand, emerged as its primary growth engine, while its e-commerce operations became a stable foundation. This strategic shift, moving beyond a commerce-only identity, expands Alibaba's long-term opportunities while still navigating competitive pressures and investor sentiment toward Chinese tech.",0.241209,1.0
20251217T120852,Quintet Private Bank Europe S.A. Decreases Stock Holdings in Alibaba Group Holding Limited $BABA,"Quintet Private Bank Europe S.A. reduced its stake in Alibaba Group Holding Limited (NYSE:BABA) by 7.6% in the third quarter, selling 4,844 shares and holding a remaining 58,984 shares valued at $10.54 million. Despite this decrease, Wall Street analysts maintain a ""Moderate Buy"" consensus rating for BABA with an average target price of $194.00. The stock was recently trading near $149.50, reflecting institutional ownership of 13.47%.",0.312085,0.996891
20251217T140852,Union Bancaire Privee UBP SA Trims Position in Alibaba Group Holding Limited $BABA,"Union Bancaire Privee UBP SA reduced its holdings in Alibaba Group Holding Limited (NYSE:BABA) by 10% during Q3, selling 16,354 shares and ending the quarter with 146,605 shares valued at $25.63 million. Despite this trimming, other institutional investors like TT International Asset Management significantly increased their stakes. Analysts maintain a generally bullish outlook on BABA, with a ""Moderate Buy"" consensus rating and an average price target of $194.",0.34465,1.0
20251218T011400,Susquehanna Touts Alibaba Group Holding Limited (BABA) Prospects on e-Commerce and Cloud Business Growth,"Susquehanna reiterated a Positive rating and a $190 price target on Alibaba Group Holding Limited (BABA), citing better-than-expected performance in its core China e-commerce business and strong demand for its AI and cloud offerings. The company's revenue grew 3% in the first half of the year, driven by AI tool integration and accelerated growth in its Cloud Intelligence Group. Despite concerns about margin pressure from increased AI investments, Susquehanna remains confident in Alibaba's long-term prospects due to its strong market positioning.",0.434547,1.0
20251219T170841,Alibaba Adds Maps to Fast-Growing Qwen AI - Alibaba Gr Hldgs (NYSE:BABA),"Alibaba is integrating its Amap mapping and navigation platform into its Qwen AI app to enhance real-world ""life services,"" just weeks after the app's launch. This integration allows Qwen users to manage travel and lifestyle tasks, leveraging Amap's extensive real-time data. The move strengthens Qwen's capabilities, following its rapid growth since its November debut, and is part of Alibaba's broader strategy to foster synergy across its ecosystem.",0.514142,1.0
20251219T170841,Alibaba Group (BABA) Has Shown Interest to Buy H200 Chips From NVDA,"Alibaba Group (BABA) has expressed interest in purchasing Nvidia's H200 AI chips, following a Reuters report that the Trump administration has allowed Nvidia to export chips to China. Chinese companies, including Alibaba, are awaiting government approval to import the H200 chips, which are significantly faster than their current H20 chips. Wall Street has a mixed opinion on Alibaba's stock, with some analysts downgrading to Neutral while others reiterate a Buy rating.",0.149946,0.98752
20251220T000841,Should Alibaba’s AI And Instant Commerce Pivot Require Action From Alibaba Group Holding (BABA) Investors?,"Alibaba Group is intensifying its focus on cloud computing, artificial intelligence, and instant commerce, exemplified by its expansion of Cainiao-Tmall Supermarket for quick grocery delivery and pursuit of Nvidia's H200 chips. These strategic shifts aim to reposition Alibaba as an AI and cloud-centric platform at the heart of China's digital economy. Investors must consider whether these significant investments will eventually overcome current margin pressures and generate long-term earnings quality despite continued spending.",0.28418,1.0
20251221T110956,Focused Wealth Management Inc Lowers Stock Holdings in Alibaba Group Holding Limited $BABA,"Focused Wealth Management Inc significantly reduced its stake in Alibaba Group Holding Limited ($BABA) by 61.7% in Q3 2025, selling 3,383 shares and retaining 2,100 shares valued at $375,000. Despite this, Wall Street analysts maintain a ""Moderate Buy"" consensus rating with a $194.00 price target, driven by Alibaba's AI/cloud initiatives, including interest in Nvidia H200 chips. Near-term earnings are pressured by reinvestment into quick-commerce strategies, leading to mixed sentiment among investors and analysts.",0.253816,1.0
20251221T150956,"Alibaba Group Holding (BABA) Making Advancements With Open Source AI Models, Here's What You Need to Know","Alibaba Group Holding Limited (NYSE: BABA) is advancing in open-source AI models, recently launching its multilingual CosyVoice 3 speech synthesis model and upgrading its AgentScope for enterprise-grade AI agents. Concurrently, Alibaba and other Chinese firms are seeking H200 chips from Nvidia, awaiting Chinese government approval, which could significantly boost their AI development capabilities. The company is a multinational tech giant focused on e-commerce, cloud computing, and digital services.",0.421373,1.0
20251222T110954,"Generali Investments CEE investicni spolecnost a.s. Purchases 19,045 Shares of Alibaba Group Holding Limited $BABA","Generali Investments CEE investicni spolecnost a.s. significantly increased its stake in Alibaba Group Holding Limited ($BABA) by 111.7% in Q3, purchasing 19,045 shares to bring its total holdings to 36,095 shares, valued at approximately $6.45 million. This move comes amid broadly positive analyst sentiment, with an average ""Moderate Buy"" rating and a $194 price target, driven by Alibaba's strategic focus on AI and cloud growth. However, concerns about near-term EPS pressure from retail reinvestment efforts are noted.",0.168809,1.0
20251222T150954,Brokers Suggest Investing in Alibaba (BABA): Read This Before Placing a Bet,"This article examines brokerage recommendations for Alibaba (BABA), noting an average brokerage recommendation (ABR) of 1.29 (Strong Buy to Buy) from 24 firms. It cautions investors against relying solely on ABRs due to potential brokerage biases, suggesting instead that the Zacks Rank, a proprietary tool, offers a more reliable indicator of near-term stock price movements based on earnings estimate revisions. The article reveals that BABA currently holds a Zacks Rank #5 (Strong Sell) due to declining earnings estimates, advising caution despite favorable brokerage recommendations.",-0.225367,1.0
20251223T120859,"221,003 Shares in Alibaba Group Holding Limited $BABA Purchased by Oriental Harbor Investment Master Fund","Oriental Harbor Investment Master Fund recently purchased 221,003 shares of Alibaba Group Holding Limited (NYSE:BABA) worth approximately $39.5 million, making it their 10th-largest holding. This aligns with a broader trend of institutional investment, as other major funds like Temasek and Causeway Capital Management have also increased their stakes. Analysts maintain a ""Moderate Buy"" rating with a consensus price target of $194.00, driven by positive developments in Alibaba Cloud and AI product advancements.",0.441297,1.0
20251223T170858,Alibaba stock split: what’s next for BABA shares?,"Alibaba (BABA) has not performed a traditional forward stock split for its US-listed shares; instead, it implemented a reverse stock split in June 2024 to consolidate shares. There are no current announcements for another stock split in 2026. The company’s FY2025 results showed revenue growth and improved profitability, with a continued strategic focus on e-commerce, cloud services, and AI.",0.00153,1.0
20251224T100858,Alibaba: Consumer Slowdown Weighs On Cloud Intelligence,"Alibaba Group is rated ""Hold"" due to sluggish Chinese consumption, a deceleration in e-commerce, and margin pressures, despite strong growth in its cloud division. Although its cloud segment saw a 34% year-over-year growth in Q2 2026, it still constitutes only 16% of total revenue, with e-commerce remaining dominant at 68% amidst headwinds. High AI-driven capital expenditures and subsidy programs have led to a significant drop in EBIT margin to 2% and a 53% fall in net income, while valuation multiples are above historical averages and growth projections lag.",-0.156868,1.0
20251224T130857,Strong Tower Advisory Services Grows Position in Alibaba Group Holding Limited $BABA,"Strong Tower Advisory Services increased its stake in Alibaba Group Holding Limited (NYSE:BABA) by 6.2% in Q3, now holding 60,649 shares valued at $10.84 million, making it their 15th largest position. Other institutional investors also raised their holdings, and analysts generally maintain a ""Moderate Buy"" rating with a consensus target price of $194.00, driven by Alibaba's significant investments and advancements in AI, despite some lingering concerns about near-term profitability. The company is actively pursuing an AI strategy with plans to acquire over 40,000 AMD MI308 chips and the launch of DingTalk's ""Agent OS"" to boost cloud and AI revenue.",0.407269,1.0
20251225T010950,Assessing Alibaba Group Holding (NYSE:BABA) Valuation as AI Investments and Cloud Expansion Accelerate,"Alibaba Group Holding (NYSE:BABA) is gaining renewed attention due to significant AI investments and cloud expansion, despite recent share price pullbacks. Analysts suggest the company is undervalued, trading at a steep discount to their targets, implying investors may be underestimating its long-term AI and cloud earnings potential. However, elevated spending and competition could impact margins, presenting risks to an otherwise optimistic outlook.",0.313398,1.0
20251225T150949,Assessing Alibaba Group Holding (NYSE:BABA) Valuation as AI Investments and Cloud Expansion Accelerate,"Alibaba Group Holding (NYSE:BABA) is seeing renewed interest due to significant AI investments and cloud expansion, despite recent share price pullbacks. The company is committing RMB 380 billion to AI and cloud infrastructure, positioning itself for accelerated growth. Analysts currently assess Alibaba as 24.2% undervalued, with a fair value of $198.04, reflecting optimism about its long-term earnings power from these strategic initiatives.",0.439706,1.0
20251226T000916,"Alibaba Stock (BABA) Before the Market Opens Dec. 26, 2025: Latest News, AI Chip Catalysts, Key Risks, and Analyst Targets","Alibaba (BABA) faces a blend of AI-driven cloud momentum and e-commerce price wars ahead of the December 26, 2025 market open. Key catalysts include U.S.-China chip policy, China’s platform pricing rules, and investor appetite for ""China AI"" exposure, alongside ongoing geopolitical risks. Analysts maintain constructive targets, but the stock remains sensitive to policy headlines and market sentiment.",0.134044,1.0
20251226T140916,"Whitaker Myers Wealth Managers LTD. Invests $870,000 in Alibaba Group Holding Limited $BABA","Whitaker Myers Wealth Managers LTD. has acquired a new stake of 4,868 shares in Alibaba Group Holding Limited, valued at approximately $870,000 during the third quarter. This investment comes as Alibaba shares opened at $150.09, with a market capitalization of $358.12 billion, and analysts maintaining a ""Moderate Buy"" rating with a consensus target price of $194.00 for the company. Other institutional investors have also recently adjusted their holdings in Alibaba.",0.267934,1.0
20251227T150942,1 Reason I'm Never Selling Alibaba Stock,"The author is a long-term shareholder of Alibaba (NYSE: BABA) and explains why he has no intention of selling the stock. He highlights Alibaba's dominant e-commerce business in China, which generates significant cash flow, allowing the company to self-finance growth initiatives in emerging industries like AI cloud intelligence, even if some ventures are initially unprofitable. This robust financial position, combined with stock buybacks, makes Alibaba an attractive investment for him.",0.240712,1.0
20260102T090853,Alibaba stock today: BABA in focus as Baidu AI-chip IPO filing lifts China tech mood,"Alibaba (BABA) shares are in focus as a confidential IPO filing by Baidu's AI chip unit, Kunlunxin, boosts confidence in China's tech sector. This development arrives as Hong Kong's tech-led rally sets a positive tone for U.S.-listed Chinese internet companies. Investors are monitoring this AI-driven momentum alongside upcoming U.S. manufacturing data and payroll reports, which could influence interest rate expectations.",0.242771,0.971689
20260102T110853,Ninety One UK Ltd Has $19.68 Million Stake in Alibaba Group Holding Limited $BABA,"Ninety One UK Ltd has reduced its stake in Alibaba Group Holding Limited by 18.5% in the third quarter, now holding 110,102 shares valued at $19.68 million. Despite this reduction, analysts maintain a ""Moderate Buy"" rating for BABA with an average target price of $194. The company's stock opened at $146.58, with a market capitalization of nearly $350 billion and a P/E ratio of 20.25.",0.247575,1.0
20260104T090937,Ariose Capital Management Ltd Acquires New Holdings in Alibaba Group Holding Limited $BABA,"Ariose Capital Management Ltd recently acquired a new stake of 99,175 shares in Alibaba Group Holding Limited (NYSE:BABA) during the third quarter, valued at approximately $17.7 million, making it their seventh-largest holding. Other institutional investors like Temasek Holdings also significantly increased their positions. Alibaba shares trade with a market cap of $371.5 billion, and analysts have a ""Moderate Buy"" consensus rating with a target price of $194.00.",0.347743,1.0
20260104T210947,Alibaba Group Holding (NYSE:BABA): Reassessing Valuation After a Strong 1-Year Share Price Rebound,"Alibaba Group Holding (NYSE:BABA) has seen a significant share price rebound of roughly 85% over the past year, despite recent choppiness, leading to a reassessment of its valuation. The company is currently considered 21.4% undervalued with a narrative fair value near $198, driven by expected long-term earnings and margin improvements as investments in AI/cloud and quick commerce mature. However, sustained heavy spending and market competition could delay margin recovery, suggesting both continued opportunity and potential risks for investors.",0.424665,1.0
20260105T111024,Alibaba Group Holding (NYSE:BABA): Reassessing Valuation After a Strong 1-Year Share Price Rebound,"Alibaba Group Holding (NYSE:BABA) has seen significant share price growth over the past year, climbing roughly 85%, and is currently assessed as 21.4% undervalued with a narrative fair value near $198. The company's valuation relies on future earnings power and the maturation of investments in AI/cloud and quick commerce, which are expected to improve margins despite current spending. While the stock's recent performance suggests rebuilding momentum, potential risks include sustained heavy spending and intense competition.",0.394547,1.0
20260105T121147,"Stanley Laman Group Ltd. Acquires Shares of 11,000 Alibaba Group Holding Limited $BABA","Stanley Laman Group Ltd. has acquired 11,000 shares of Alibaba Group Holding Limited (NYSE:BABA), valued at approximately $1.966 million in Q3. Other institutional investors like Temasek Holdings and NTV Asset Management also increased their stakes, bringing total institutional ownership to about 13.47%. Wall Street maintains a largely positive outlook on BABA, with a consensus target price of $194.00, while the stock was trading near $155.70.",0.444947,1.0
20260106T080858,Is Alibaba (BABA) Using Amap’s New 3D Tool To Quietly Reframe Its AI-Cloud Narrative?,"Alibaba Group Holding is advancing its AI-first strategy by introducing a new 3D tool through AutoNavi (Amap). This tool allows restaurants to create immersive 3D virtual tours from basic photos, strengthening Alibaba's position in local services and demonstrating practical applications of its generative AI and cloud capabilities. The initiative aims to align with Alibaba's investment narrative, showcasing how AI workloads can drive revenue and offset margin pressures in other company segments.",0.185653,1.0
20260106T131012,Alibaba Takes Aim at Meituan With AI,"Alibaba is leveraging AI to intensify its competition with Meituan in China's local services market. Its mapping unit, AutoNavi (Amap), is developing an AI tool for restaurant owners to create 3D virtual tours, aiming to attract diners and reduce marketing costs for merchants. This move, part of CEO Eddie Wu's AI-first strategy, caused Alibaba's shares to rise, as investors watch to see if these AI features can draw users and merchants away from Meituan.",0.512934,1.0
20260107T071024,China tightens e-commerce rules to curb platform competition and subsidy wars,"China has implemented new e-commerce regulations to control the competitive practices of its largest online platforms, aiming to stabilize a sector impacted by aggressive discounting and subsidy wars. These measures, effective in February, ban large platforms from coercing merchants into promotions and also introduce restrictions on online influencers making false claims. The move has negatively impacted stock prices of major e-commerce companies like Alibaba, JD.com, and Meituan due to concerns about curtailed growth strategies and pressure on already eroding profit margins.",-0.139099,0.980795
20260107T101524,"Childress Capital Advisors LLC Acquires Shares of 7,875 Alibaba Group Holding Limited $BABA","Childress Capital Advisors LLC has acquired 7,875 shares of Alibaba Group Holding Limited ($BABA) in Q3, valued at approximately $1.407 million. The article highlights Alibaba's acceleration in AI and cloud services, leading to bullish analyst sentiment and a consensus ""Moderate Buy"" rating with an average target of $192.11. However, it also notes near-term risks such as an investor investigation and high AI/cloud capital expenditures potentially impacting margins.",0.126039,1.0
20260108T140700,Silicon Thaw: Alibaba Shares Surge as U.S. Eases Path for Nvidia’s H200 Chips into China,"Alibaba Group Holding Ltd. shares surged nearly 7% after reports confirmed the U.S. Department of Commerce began issuing export licenses for Nvidia’s H200 chips to Chinese commercial entities. This decision, under a new ""licensed revenue-share"" model where Nvidia remits 25% of sales to the U.S. Treasury, is expected to significantly boost Alibaba's AI capabilities, although Chinese regulators and U.S. lawmakers express some reservations about the policy shift. The move represents a shift from outright bans to a ""controlled flow"" strategy in semiconductor trade.",0.241775,1.0
20260108T150955,Price Over Earnings Overview: Alibaba Gr Hldgs,"Alibaba Gr Hldgs (NYSE: BABA) saw its share price increase by 2.21% in the current market session, though it fell 4.37% over the past month. The company's P/E ratio of 19.59 is significantly lower than the Broadline Retail industry average of 93.9, suggesting potential undervaluation or weaker growth prospects. Investors are advised to consider the P/E ratio alongside other financial metrics and industry trends for a comprehensive analysis.",0.089806,1.0
20260109T040955,Alibaba Shares Rise as China Plans Approval of H200 Imports,"Alibaba Group Holding Ltd. shares saw a significant jump in Hong Kong following reports that China plans to approve imports of Nvidia's H200 chips. This optimism stems from the potential benefits for the tech giant if these advanced chips become available in the Chinese market. Other Chinese AI firms, Kuaishou Technology and JD.com Inc., also experienced gains on the news.",0.462645,1.0
20260109T140955,Alibaba logistics unit Cainiao opens US-Mexico cross-border service,"Alibaba's logistics arm, Cainiao, has launched a new cross-border service between the US and Mexico. This service aims to reduce costs for parcel delivery in one of the region's highest-traffic corridors, with Cainiao controlling key logistical nodes including sorting, line-haul transfer, and last-mile delivery using its own local networks. The company expects to cover 99% of the Mexican market and offer prices approximately 60% lower than the current market average.",0.30444,1.0
20260110T132725,"Alibaba Group Holding Ltd. ADR Falls Friday, Underperforms Market","Alibaba Group Holding Ltd. ADR experienced a fall on Friday, underperforming the market. This article also briefly mentions Unity Software's fourth-quarter financial results, reporting a revenue increase of 35% year-over-year to $609 million, although the company posted a quarterly loss of 66 cents per share.",-0.250978,1.0
20260110T144400,Freedom Capital Downgrades Alibaba (BABA) Despite Raising Price Target to $180,"Freedom Capital has downgraded Alibaba (BABA) to ""Hold"" from ""Buy,"" even as it raised the price target to $180 from $140. The downgrade is attributed to rising capital expenditures and cost pressures, which are offsetting the growth in its cloud segment. Analysts suggest that Alibaba's future performance hinges on its ability to expand both retail and cloud operations without a significant increase in related costs.",-0.096527,1.0
20260111T140915,"If Emerging Markets Outperform, This Stock Could Lead the Charge","As the U.S. dollar weakens and more rate cuts are expected, emerging markets are seeing increased capital rotation, with the iShares MSCI Emerging Markets ETF (EEM) up over 34% in the last year. Alibaba (NYSE: BABA), a significant component of EEM, is highlighted as a potential leader in this trend due to its strong technical setup, reasonable valuation, and investments in AI and cloud technology. A sustained move above $160 for Alibaba could signal further gains, especially if emerging markets continue their outperformance.",0.256935,0.978454
20260112T124700,Alibaba Group Holding Limited (BABA) Launching its AI Services for Restaurants,"Alibaba Group Holding Limited (BABA) is launching new AI services for restaurants through its Amap app, enabling them to generate 3D images from videos or photos. This strategic move aims to enhance Alibaba's competition with Meituan in China's food and dining sector. Despite two analysts reiterating Buy ratings on BABA, the article suggests that other AI stocks might offer greater return potential.",0.264105,1.0
20260112T124700,Alibaba Group Holding Limited (BABA) Launching its AI Services for Restaurants,"Alibaba Group is launching AI services for restaurants to create 3D interior images, competing with Meituan in China. This service will be available through their Amap app, allowing restaurants to upload videos or images to render 3D views using Alibaba's visual WAN model, initially offered for free to select businesses. Analysts like Morgan Stanley and Jefferies maintain a positive outlook on BABA with price targets of $180 and $225, respectively.",0.333449,1.0
20260113T015835,Why Alibaba Stock Soared Today,"Alibaba's stock surged over 10% due to the increasing popularity of its Qwen open-source AI models, which have seen over 700 million downloads, making them the most popular globally. Additionally, reports indicate that Chinese regulators are moving to curb a price war in the food-delivery industry, which could boost Alibaba's profit margins by increasing compliance costs for smaller rivals. These developments suggest a positive outlook for the company's AI and e-commerce segments.",0.310453,0.994913
20260113T052805,Why Alibaba Stock Soared Today,"Alibaba Group's stock (NYSE: BABA) experienced a significant surge of over 10% on Monday due to several positive developments for the Chinese e-commerce and cloud computing giant. The company's stock is highly favored by the community, with 46 Buy predictions against 1 Sell prediction, and analysts project a potential upside of 12.93% from its current price.",0.421097,1.0
20260114T155804,Is Alibaba (BABA) a Buy as Wall Street Analysts Look Optimistic?,"This article examines Wall Street analysts' optimistic recommendations for Alibaba (BABA) despite the stock holding a Zacks Rank #5 (Strong Sell). It highlights that traditional brokerage recommendations often have a positive bias due to vested interests, contrasting this with the Zacks Rank, which is based on earnings estimate revisions and has proven more effective in predicting stock performance. Investors are advised to use the ABR cautiously and consider the Zacks Rank for a more reliable investment decision, particularly as BABA's earnings estimates have declined.",-0.390115,1.0
20260114T213000,"Alibaba, JPMorgan said to back Chinese chip firm’s Hong Kong listing","Chinese chip designer Montage Technology is reportedly enlisting Alibaba Group Holding and JPMorgan Asset Management as cornerstone investors for its upcoming Hong Kong listing. The IPO could raise up to US$900 million and signals strong demand for AI-related share sales in the city. Other investors include Aberdeen Group, Mirae Asset Securities, and UBS Group’s asset-management arm.",0.335348,1.0
20260115T121008,What Is Going On With Alibaba Stock On Thursday? - Alibaba Gr Hldgs (NYSE:BABA),"Alibaba is significantly expanding its consumer AI strategy by integrating its Qwen AI chatbot with core services like Taobao and Alipay, aiming to create a unified ""super-assistant"" for shopping, travel, and payments. This move, which has entered public testing, allows users to complete various tasks without switching between apps. Despite the significant investment in AI, Bloomberg Intelligence cautions that near-term profitability from AI may be limited for Alibaba, even as its stock performance has shown strong growth over the last year.",0.314126,1.0
20260115T225519,Nomura Cuts Alibaba Group (NYSE:BABA) Price Target to $193.00,"Nomura has lowered its price target for Alibaba Group (NYSE:BABA) from $215.00 to $193.00, but maintained a ""buy"" rating, indicating a potential upside of 12.88% from its current price. This revision comes despite promising operational catalysts like AI upgrades to Qwen with agentic payments and integration into Taobao/Alipay, which are expected to boost monetization. However, concerns over slower e-commerce monetization and rising cloud costs pose risks to margins.",0.257663,1.0
20260116T125822,Alibaba Group Holding Limited $BABA Shares Sold by OVERSEA CHINESE BANKING Corp Ltd,"OVERSEA CHINESE BANKING Corp Ltd significantly reduced its stake in Alibaba Group Holding Limited by 88.4% in the third quarter, selling 18,862 shares. While other institutional investors have increased their positions, Alibaba is integrating its Qwen AI chatbot into its core platforms, Taobao and Alipay, which analysts view as a potential growth catalyst. Despite some near-term concerns about monetization and rising AI costs, the stock currently holds a ""Moderate Buy"" consensus rating with an average target price around $190.68.",0.109117,1.0
20260116T163050,Alibaba Group Holding Ltd (BABA) Stock Price Down 3.64% on Jan 1,"Alibaba Group Holding Ltd (BABA) shares dropped 3.64% on January 16, reaching an intraday low of $163.50. Despite the dip, the stock remains 101.30% above its 52-week low. Analyst forecasts suggest an average target price of $196.78, indicating a potential upside, while GuruFocus's GF Value estimates a downside from the current price.",-0.220758,1.0
20260117T102718,"Sumitomo Mitsui Trust Group Inc. Acquires 172,704 Shares of Alibaba Group Holding Limited $BABA","Sumitomo Mitsui Trust Group Inc. significantly increased its stake in Alibaba Group Holding Limited (NYSE:BABA) by purchasing 172,704 shares in Q3, bringing its total holdings to 212,619 shares valued at approximately $38.0 million. This increased investment comes as Alibaba rolls out its agentic Qwen AI across its ecosystem, which analysts view as a potential catalyst for monetization and growth. Despite some profit-taking and a minor price target adjustment from one analyst, the overall sentiment from Wall Street remains positive with a consensus ""Moderate Buy"" rating and a price target of $190.68.",0.443004,1.0
20260117T112718,Alibaba Group Holding Limited $BABA Shares Sold by Nations Financial Group Inc. IA ADV,"Nations Financial Group Inc. IA ADV reduced its stake in Alibaba Group Holding Limited by 26.7% in Q3, selling over 11,000 shares but still owning more than 30,000 shares valued at $5.53 million. Despite mixed analyst views, investor optimism is growing due to Alibaba's Qwen AI agentic rollout, which introduces in-chat ordering and payments and is expected to boost monetization. The stock holds a consensus ""Moderate Buy"" rating with a target price of $190.68.",0.137335,1.0
20260118T225804,The Truth About Alibaba Group Holding: Why Everyone Is Watching BABA Right Now,"Alibaba Group Holding (BABA) is attracting significant attention due to its massive price drop from previous highs, drama around its operations, and potential for a comeback. The article explores whether BABA is a valuable investment or a 'total trap,' analyzing its e-commerce dominance, cloud computing ambitions, and the persistent risks from Chinese regulation and geopolitics. It concludes that BABA is a high-reward, high-drama situation suitable for risk-takers rather than cautious investors.",0.174611,1.0
20260118T235656,Alibaba Group Holding Ltd. (9988) Gets a Buy from CICC,"CICC has reiterated a Buy rating for Alibaba Group Holding Ltd. (9988), setting a price target of HK$197.00. This comes after Alibaba reported strong quarterly revenue of HK$247.65 billion and a net profit of HK$40.65 billion for the quarter ending June 30, showing significant growth from the previous year. While TipRanks - OpenAI's OpenAI Consumer Cyclical HK also issued a Buy rating, TipRanks - Anthropic downgraded the stock to a Hold on the same day.",0.26244,1.0
20260119T095736,Formidable Asset Management LLC Boosts Stock Position in Alibaba Group Holding Limited $BABA,"Formidable Asset Management LLC recently increased its stake in Alibaba Group Holding Limited ($BABA) by 25.5%, bringing its total holdings to 41,474 shares valued at $7.41 million. This makes Alibaba its 18th-largest holding. The boost comes as Alibaba rolls out significant AI upgrades to its Qwen AI platform, integrating in-chat shopping and payments across its ecosystem, which analysts believe could be a key monetization catalyst despite a recent stock dip and mixed analyst target adjustments.",0.122967,1.0
20260119T154300,Alibaba (BABA) Turns Qwen Into an All-in-One AI Assistant,"Alibaba's Qwen AI assistant is evolving into an all-in-one AI platform, integrating with the Alibaba ecosystem to perform over 400 daily tasks and quickly gaining over 100 million monthly active users. Analysts at Morgan Stanley see Qwen's development as critical to Alibaba's agentic AI pivot, focusing on 2C applications and anticipating it becoming a superapp and life assistant. The company expects AI to handle 60-70% of digital tasks within two years, significantly boosting efficiency.",0.338733,1.0
20260120T102736,Florida Trust Wealth Management Co Reduces Stake in Alibaba Group Holding Limited $BABA,"Florida Trust Wealth Management Co significantly reduced its stake in Alibaba Group Holding Limited (NYSE:BABA) by 44.3% in the third quarter of 2025, selling 4,464 shares and retaining 5,607 shares valued at $1.00 million. Despite this reduction, Alibaba holds a consensus ""Moderate Buy"" rating from analysts with an average price target of $190.68, indicating potential upside from its recent open of $165.63. The company, a major e-commerce and technology conglomerate, has a market capitalization of $395.4 billion and a P/E ratio of 22.88, with its stock showing significant recovery within its 52-week range.",0.220685,1.0
20260120T172000,Alibaba Group Holding Ltd. ADR outperforms competitors despite losses on the day,"Alibaba Group Holding Ltd. ADR (BABA) fell 1.82% to $162.39 on Tuesday, marking its second consecutive day of losses amid an overall poor trading session for the stock market. Despite this, the ADR still outperformed the NASDAQ Composite Index and the Dow Jones Industrial Average, which experienced larger declines.",-0.083796,1.0
20260121T012729,Assessing Alibaba Group Holding (BABA) Valuation After Recent Share Price Volatility,"Alibaba Group Holding's (BABA) share price has seen recent volatility, with a 2.8% decline over the past week but an 8.4% gain over 30 days and a 93.4% annual return. The company is currently trading at $162.39, while Simply Wall St's narrative suggests it is 16.8% undervalued with a fair value of about $195, driven by anticipated growth from AI and cloud infrastructure investments. Investors are encouraged to review the full narrative and consider potential risks like competition and regulatory pressure.",0.322559,1.0
20260121T112819,Where Will Alibaba Stock Be in 5 Years?,"Alibaba stock has seen a significant recovery since early 2024, doubling in value due to abating political tensions, improved AI capabilities, and renewed double-digit growth in its e-commerce segments, alongside an attractive P/E ratio. However, its business growth has slowed in recent fiscal reports, and recurring geopolitical risks, despite Jack Ma's return possibly boosting confidence, could still impact its stock, making it a high-risk speculative play. Investors are advised to temper expectations due to these geopolitical uncertainties, which could lead to future sell-offs, and consider it a speculative investment despite its market leadership and cloud division growth.",0.047406,0.305669
20260122T015811,Alibaba’s Nuclear-Backed Power Deal for AI Data Centers Might Change The Case For Investing In Alibaba Group Holding (BABA),"Alibaba Group Holding has formed a 250 million yuan joint venture with China National Nuclear Power to secure stable, low-carbon electricity for its expanding AI data centers, highlighting the growing link between AI growth and energy infrastructure. While this move reinforces Alibaba's commitment to AI, its financial impact in the near term is modest compared to other factors like earnings volatility and regulatory risks. Despite the strategic importance of this energy deal, the company's shares might still trade above their fair value, indicating a complex investment narrative for Alibaba.",0.225977,1.0
20260122T232742,Alibaba’s Nuclear-Backed Power Deal for AI Data Centers Might Change The Case For Investing In Alibaba Group Holding (BABA),"Alibaba Group Holding has entered a 250 million yuan joint venture with China National Nuclear Power to secure reliable and low-carbon electricity for its expanding AI data centers. This strategic move highlights the increasing importance of stable power access for AI growth, integrating technology and energy infrastructure. While the financial impact is expected to be modest in the near term, it reinforces Alibaba's commitment to AI and could shift its investment narrative by focusing more on capital-intensive energy projects.",0.259306,1.0
20260123T052819,Alibaba eyes sky-high chip valuations with T-Head spinoff plan,"Alibaba is reportedly planning a spinoff and separate listing for its chip-making unit, T-Head, to capitalize on the high valuations of Chinese AI chipmakers. This move follows a similar strategy by Baidu and aims to secure significant capital for T-Head, which, like other GPU companies, requires substantial funding, especially given the current market's enthusiasm for AI chip firms. The proposed spinoff comes after Alibaba's previously larger breakup plan was scrapped and aligns with China's push for self-reliance in technology amidst U.S. restrictions.",0.309013,1.0
20260123T092819,Alibaba T-Head IPO Aims To Unlock AI And Chip Value,"Alibaba Group Holding is preparing an initial public offering (IPO) for its T-Head semiconductor unit, restructuring it into a partly employee-owned business. This move aims to unlock value in Alibaba's AI and chipmaking operations within China's semiconductor and AI ecosystem. The IPO is expected to provide greater transparency for investors, enhance talent retention, and strengthen Alibaba's position in the AI infrastructure and chip design market.",0.404679,1.0
20260124T102804,Alibaba Links T-Head Listing And Nuclear JV To AI Infrastructure Story,"Alibaba Group Holding is strategically moving to strengthen its AI infrastructure by planning a public listing for its chip unit, T-Head, and forming a joint venture with China National Nuclear Power for low-carbon energy. These initiatives aim to secure proprietary hardware and sustainable power for its AI data centers. The company's stock has seen significant gains recently, as investors focus on its pivot towards AI hardware and energy security.",0.022424,0.329923
20260124T110000,"Alibaba, Baidu’s IPO plans for AI chip units bolster China’s self-reliance drive","Alibaba and Baidu are planning IPOs for their AI chip design units, T-Head and Kunlunxin respectively, as China pushes for technological self-reliance amidst US sanctions. These moves are expected to intensify competition among domestic AI chip developers to challenge Nvidia's dominance in the high-performance AI chip market within China. The initiatives also reflect a strong investor interest in AI chip firms and a growing demand for alternative computing resources in the country.",0.099294,0.90916
20260125T115817,Is Alibaba Group Holding (NYSE:BABA) Attractive After 1-Year 97.6% Share Price Rebound?,"This article analyzes Alibaba Group Holding's (NYSE:BABA) valuation after a significant 97.6% share price rebound over the last year. Using Discounted Cash Flow (DCF) analysis, the stock is estimated to be undervalued by 38.5%, with an intrinsic value of US$281.58 per share compared to its current price of US$173.23. The Price-to-Earnings (P/E) ratio also suggests the company is undervalued relative to its Fair Ratio, indicating potential upside.",0.539929,1.0
20260125T165817,Alibaba stock price slips after AI-chip headlines; BABA traders turn to Fed week,"Alibaba's U.S.-listed shares dropped 2.2% on Friday, while its Hong Kong stock rose, as investors processed news regarding AI chip supply for Chinese tech firms and Alibaba Cloud's strategic partnerships. The market is now looking towards the Federal Reserve's rate decision on January 28 for the next major catalyst. Alibaba is also reportedly planning to take its AI chip unit, T-Head Semiconductor, public, and is upgrading its Qwen App to move beyond basic prompting to task completion.",-0.025089,1.0
20260126T035755,"Nomura Elevates Alibaba Group (BABA.US) TP to US$237, Keeps Buy Rating","Nomura has elevated its target price for Alibaba Group Holding (BABA.US) to US$237 from US$193, maintaining a Buy rating, based on reports that Alibaba plans to spin off its semiconductor chip business, T-Head, for a separate listing. Although unconfirmed, Nomura believes an IPO for T-Head is highly probable and positions it among China's top chip designers alongside Baidu's Kunlunxin and CAMBRICON.",0.031402,0.309852
20260127T092911,Alibaba Deepens AI And Chip Efforts As Valuation Gap Persists,"Alibaba Group Holding is advancing its artificial intelligence and chip design efforts, with plans for an IPO of its in-house chip unit T-Head and the launch of its Qwen3-Max AI model. The company, which trades significantly below analyst targets and Simply Wall St's fair value estimate, is also expanding its ecosystem by supporting partner Moonshot AI and joining Open Invention Network 2.0. These strategic moves aim to bolster Alibaba's position in AI infrastructure and domestic chip capabilities amidst persistent valuation gaps for investors.",0.204205,1.0
20260127T102912,"Texas governor bars state employees from using Shein, Alibaba products","Texas Governor Greg Abbott has banned state employees from using products and services from Chinese-owned companies like Shein, Alibaba, and Temu on state-owned devices and networks. This decision, aimed at protecting Texans' privacy from the Chinese government, restricts physical hardware, AI, and software from these companies. The ban also includes TP-Link, battery maker CATL, drone maker Autel, and AI firm iFlyTek, marking another instance of a state government addressing security concerns related to Chinese technology.",-0.373821,1.0
20260128T140211,Assessing Alibaba Group Holding (NYSE:BABA) Valuation After Nvidia H200 Chip Approval,"Alibaba Group Holding received approval to order Nvidia’s H200 AI chips, alleviating supply concerns and boosting investor interest in its AI ambitions. Despite a recent share price decline over 90 days, Alibaba's one-year return is strong, and the company is seen as undervalued by analysts, with a fair value estimate of $254. However, potential risks include future regulatory pressure in China or tighter export controls on advanced chips.",0.260505,1.0
20260128T150211,Alibaba Group Holding Limited $BABA Stock Position Raised by Vanguard Personalized Indexing Management LLC,"Vanguard Personalized Indexing Management LLC increased its stake in Alibaba Group Holding Limited (NYSE:BABA) by 14.9% during the third quarter, acquiring an additional 3,929 shares to hold a total of 30,361 shares valued at approximately $5.43 million. This comes as Alibaba's stock traded up 1.6% to $175.55 mid-day, with analysts giving it a ""Moderate Buy"" rating and a consensus price target of $195.17, indicating potential upside despite mixed company catalysts including AI advancements and certain segment declines, alongside ongoing regulatory scrutiny.",0.284212,1.0
20260202T082854,Alibaba’s Qwen ramps up AI app race with Spring Festival giveaway blitz,"Alibaba Group Holding is investing 3 billion yuan (US$432 million) in a Spring Festival campaign for its AI app Qwen, aiming to boost mass-market adoption and spending across its ecosystem. This move positions Alibaba alongside rivals like Tencent, Baidu, and ByteDance, who are also launching aggressive AI promotion initiatives during China's high-stakes Spring Festival marketing period. The Qwen app acts as a personal agent, leveraging Alibaba's services to perform actions for users.",0.329806,1.0
20260202T095854,Summit Global Investments Decreases Stake in Alibaba Group Holding Limited $BABA,"Summit Global Investments reduced its stake in Alibaba Group Holding Limited by 42.9% in Q3, selling 3,258 shares and now holding 4,328 shares valued at $774,000. This comes as Alibaba is making strategic pushes into AI with its Zhenwu 810E chip and logistics with a $2 billion Robovan deal, aiming to strengthen its cloud/AI capabilities and reduce delivery costs. Despite near-term margin pressure from these investments, analysts maintain a ""Moderate Buy"" rating with an average price target of $195.17 for BABA.",0.245501,1.0
20260203T030400,Chinese Tech Stocks Fall to Brink of Bear Market on Tax Concerns,"Chinese technology stocks are nearing a bear market due to concerns over potential new taxes on internet firms. The Hang Seng Tech Index saw an abrupt selloff, briefly dropping 20% from its October peak before narrowing losses, with major companies like Kuaishou, Baidu, and Tencent experiencing declines. This decline reflects growing investor anxiety regarding increased government regulation in the tech sector.",-0.382964,0.917245
20260203T102944,Where is Alibaba Group Holding Limited (BABA) Headed According to the Street?,"Alibaba Group Holding Limited (NYSE: BABA) is considered a strong long-term, low-volatility investment, with China Merchants Securities reiterating a Buy rating and a HK$194.00 price target. The company's logistics arm, Cainiao, is reportedly set to acquire a stake in Chinese robovan developer Zelostech, a deal valued at around $2 billion, which involves Cainiao contributing its autonomous-driving business. While acknowledging BABA's potential, the article suggests that certain AI stocks might offer greater upside and less risk.",0.089055,1.0
20260204T212911,From chatbots to replays: Alibaba rolls out AI suite for 2026 Winter Olympics,"Alibaba Cloud has introduced a new suite of AI tools, including its Qwen large language model, for the 2026 Milano Cortina Winter Games. This marks the first time an LLM will be integrated into the Olympics' digital infrastructure, providing AI assistants for fan engagement and internal operations. The initiative aims to accelerate the overseas adoption of Alibaba Cloud's Qwen model.",0.532015,1.0
20260205T062942,Guohai Securities Sticks to Its Buy Rating for Alibaba Group Holding Ltd. (9988),"Guohai Securities has maintained a Buy rating for Alibaba Group Holding Ltd. (9988) with a price target of HK$187.00. This comes as Alibaba reported a quarterly revenue of HK$247.65 billion and a net profit of HK$40.65 billion, showing growth from the previous year. While TipRanks – OpenAI’s OpenAI Consumer Cyclical HK also issued a Buy rating, TipRanks – xAI reiterated a Hold rating for the company.",0.157217,1.0
20260205T065955,Jack Ma Visits Qwen Team Before Alibaba's AI App Enters Chinese New Year Battle,"Alibaba founder Jack Ma visited the Qwen AI assistant team ahead of the Chinese New Year, intensifying the competition among Chinese tech giants for AI consumer entry points. Alibaba's Qwen has launched a CNY3 billion cash incentive program and will be the exclusive sponsor of Lunar New Year galas on local TV stations to encourage user adoption. Other tech companies like ByteDance, Baidu, and Tencent are also promoting their AI assistants with significant financial incentives during the holiday period.",0.500362,1.0
20260206T075915,CLSA Keeps Their Buy Rating on Alibaba Group Holding Ltd. (9988),"CLSA has maintained its Buy rating on Alibaba Group Holding Ltd. (9988), setting a price target of HK$195.00. This rating comes despite TipRanks – Google reiterating a Hold rating on the same day. Alibaba recently reported a quarterly revenue of HK$247.65 billion and a net profit of HK$40.65 billion for the quarter ending June 30.",0.014518,0.316325
20260207T073007,Virtus Family Office LLC Has $5.09 Million Stock Holdings in Alibaba Group Holding Limited $BABA,"Virtus Family Office LLC recently reduced its stake in Alibaba Group Holding Limited (NYSE:BABA) by 19.7% in the third quarter, now holding 28,449 shares valued at approximately $5.085 million, making it their 5th largest position. Despite this sale, analysts maintain a ""Moderate Buy"" consensus for Alibaba with an average target price of $195.17. The stock recently traded up 2.2% to $161.23, with a market capitalization of $384.9 billion.",0.101841,1.0
20260207T075915,How Stronger Cloud and AI Momentum At Alibaba Group Holding (BABA) Has Changed Its Investment Story,"Alibaba Group Holding's recent stronger-than-expected second quarter, with a 5% revenue rise and 34% cloud growth driven by AI and enterprise demand, is reshaping its investment narrative. The company's increased focus on AI, cloud, and automation, including investments in its Qwen AI app and Cainiao’s L4 autonomous logistics, presents new catalysts for growth. However, this shift also brings execution risks due to increased AI spend and competition, even as the stock trades below its consensus fair value.",0.429997,1.0
20260208T165915,Alibaba stock ends skid after Friday jump as Qwen giveaway hits glitches and earnings near,"Alibaba's U.S.-listed shares climbed roughly 3% on Friday, recovering after a volatile period, partly due to investor re-entry into tech stocks. The company's AI ambitions gained attention as its Qwen app experienced a surge in users following a 3 billion yuan Lunar New Year giveaway, briefly knocking the app offline and facing restrictions on WeChat for sharing campaign links. Despite these glitches and privacy concerns, Qwen rapidly rose in the App Store, and Alibaba is now looking ahead to its quarterly earnings release on February 19th, with investors particularly interested in the sustained momentum of the Qwen rollout and spending patterns.",0.190313,1.0
20260209T175830,10 Consumer Discretionary Stocks With Whale Alerts In Today's Session,"This article identifies ten consumer discretionary stocks that have triggered ""whale alerts,"" indicating significant options trading activity. It details specific call and put option sweeps and trades for companies like Tesla, Alibaba, and Nike, highlighting the sentiment (neutral, bearish, or bullish), expiration dates, strike prices, and total trade values for these unusual options activities. The information is designed to help traders identify potential trading opportunities based on large-scale institutional movements.",-0.323996,1.0
20260209T223007,Qwen Coupon Surge Puts Alibaba AI Ambitions And Stock Valuation In Focus,"Alibaba's Qwen AI chatbot experienced a surge in demand for its Spring Festival promotional coupons, leading to a temporary suspension. This event highlights significant user interest in Alibaba's AI tools for commerce and raises questions about the company's AI infrastructure capacity during peak times. Investors are now watching how Alibaba manages such traffic spikes and integrates AI to enhance user engagement across its platforms.",0.237146,1.0
20260210T064100,Why is Alibaba Group Holding Limited (BABA) One of the Best E-Commerce Stocks to Buy Now,"Alibaba Group Holding Limited (BABA) is considered a top e-commerce stock to buy, with Aletheia Capital reaffirming a Buy rating. The company plans to spend 3 billion yuan during the Lunar New Year holiday to attract users to its Qwen AI app, tripling the spending of rivals Tencent and Baidu. This initiative is part of an accelerated competition in China's AI sector since the launch of DeepSeek’s R1 model.",0.005561,0.33504
20260210T095732,Alibaba Group Holding Limited $BABA Shares Sold by Wilson Asset Management International PTY Ltd.,"Wilson Asset Management International PTY Ltd. reduced its stake in Alibaba Group Holding Limited (NYSE:BABA) by 18.0% during the third quarter, selling 11,551 shares and retaining 52,705 shares valued at $9.42 million. Despite this reduction, Alibaba remains the fund's 17th largest holding, and analyst sentiment overall is a ""Moderate Buy"" with a consensus target price of $195.17. The stock recently traded at $162.57, with a market capitalization of $388.1 billion.",0.111745,1.0
20260211T055732,Has Alibaba Group Holding (NYSE:BABA) Run Too Far After Its 50% One Year Rally?,"Alibaba Group Holding has seen a 50.1% rally over the last year, leading to questions about its current valuation. A Discounted Cash Flow (DCF) analysis suggests the stock is undervalued by 37.4% with an estimated intrinsic value of US$266.07 per share. While its P/E ratio is in line with the industry, investor ""Narratives"" on Simply Wall St offer vastly different fair value estimates, ranging from a bullish US$197.66 to a bearish US$107.09, reflecting varying assumptions on growth, regulation, and risks.",0.204488,1.0
20260211T172754,10 Consumer Discretionary Stocks Whale Activity In Today's Session,"This article identifies significant options trading activity, often referred to as ""whale activity,"" in ten consumer discretionary stocks including Alibaba, Carvana, and Nike. It details specific call and put option trades with expiration dates, strike prices, and sentiment (bearish, bullish, or neutral) to help traders spot potential market opportunities or divergences from normal option valuations.",0.009807,0.307586
20260212T192716,"MELI Stock Trades at a P/E of 32.02X: Should You Buy, Sell or Hold It?","MercadoLibre (MELI) shares currently have a premium valuation with a P/E ratio of 32.02X, higher than the industry average, and have underperformed the sector and S&P 500 in the past six months due to competition and macroeconomic pressures. Despite these short-term challenges, the company's long-term growth is supported by its expanding fintech arm, Mercado Pago, and efficient logistics operations. Zacks Investment Research holds a ""Hold"" rating for MELI, advising investors to await a better entry point.",-0.107914,0.637512
20260212T215757,Alibaba RynnBrain AI Launch Adds New Angle For BABA Valuation Story,"Alibaba Group Holding has launched RynnBrain, an open-source AI foundation model for robotics and real-world automation, expanding its AI portfolio alongside its Qwen models. This move intensifies Alibaba's competition with global tech giants in robotics and automation, tying its core e-commerce and cloud businesses more closely to AI. Investors are now watching how RynnBrain's adoption in physical tasks and its impact on earnings will shape Alibaba's valuation and role in global AI efforts.",0.414841,1.0
20260213T185820,Securities Fraud Investigation Into Alibaba Group Holding Ltd. (BABA) Continues – Shareholders Who Lost Money Urged To Contact The Law Offices of Frank R. Cruz,"The Law Offices of Frank R. Cruz is continuing its investigation into Alibaba Group Holding Ltd. (BABA) for potential violations of federal securities laws. This stems from a November 2024 article alleging Alibaba's assistance to the Chinese military, leading to a stock drop, and a more recent incident in February 2026 where the Pentagon briefly added then withdrew Alibaba from a list of companies aiding the Chinese military, causing further investor losses. The firm is urging affected shareholders to contact them to discuss potential claims.",-0.477637,1.0
20260213T235727,Pentagon Listing Stirs Questions For Alibaba’s Global AI Growth Story,"Alibaba Group Holding was briefly added to and then removed from a US Pentagon list of companies allegedly supporting the Chinese military, raising concerns about future regulatory and reputational pressures on its international AI efforts. This event comes as Alibaba expands its global AI initiatives, including its open-source RynnBrain model and new partnerships. Investors are advised to monitor how geopolitical headlines could impact Alibaba's stock performance and global AI expansion.",-0.240614,1.0
20260214T155743,"Alibaba, BYD added, removed from Pentagon list","The Pentagon briefly added and then removed major Chinese technology companies like Alibaba, BYD, Baidu, and TP-Link from a list of entities aiding the Chinese military, causing market confusion and share price drops. This move, without official explanation, has been speculated to be a show of force ahead of a potential US presidential trip to China amidst ongoing US-China tech policy debates. Affected companies deny military links and have vowed to take legal action.",-0.173986,1.0
20260216T192743,Alibaba Faces Pentagon Scrutiny While Advancing Qwen 3.5 AI Ambitions,"Alibaba Group Holding is navigating geopolitical risks after being briefly listed and then delisted by the Pentagon as a ""Chinese military company."" Concurrently, Alibaba launched Qwen 3.5, a new AI model, signaling its aggressive push into the AI sector. Investors are now closely monitoring how the company balances its growth ambitions in AI with ongoing regulatory and reputational pressures.",-0.088835,1.0
20260216T215817,Alibaba releases multimodal Qwen3.5 mixture of experts model,"Alibaba Group Holding Ltd. has released Qwen3.5, a multimodal mixture of experts AI model that they claim outperforms GPT-5.2 and Claude 4.5 Opus in certain tasks. The model is open-source and features optimizations like combined quadratic and linear attention heads, and a gated delta network to boost efficiency and reduce hardware usage. Qwen3.5 has 397 billion parameters, using 17 billion per prompt, and scored highly on benchmarks for instruction following and multimodal data processing.",0.338965,1.0
20260217T194923,"Securities Fraud Investigation Into Alibaba Group Holding Ltd. (BABA) Continues – Investors Who Lost Money Urged to Contact Glancy Prongay Wolke & Rotter LLP, A Leading Securities Fraud Law Firm","Glancy Prongay Wolke & Rotter LLP is continuing its securities fraud investigation into Alibaba Group Holding Ltd. (BABA) on behalf of investors who lost money. The investigation stems from a November 2024 Financial Times article alleging Alibaba's assistance to the Chinese military, and a February 2026 incident where the Pentagon briefly listed Alibaba as aiding the military. These events caused significant drops in Alibaba's stock price, leading the law firm to encourage affected investors to seek legal recourse.",-0.727218,1.0
20260217T202814,Assessing Alibaba Group Holding (NYSE:BABA) Valuation After Mixed Short Term And 1 Year Returns,"Alibaba Group Holding (NYSE:BABA) has seen mixed share price performance recently, with strong 1-year returns but negative short-term moves. Despite this, a narrative from a user suggests the stock is significantly undervalued, with a fair value estimated at $254, even after applying discounts for macroeconomic and Chinese equity risks. The article encourages investors to review the company's fundamentals and consider potential buying opportunities given its discounted valuation relative to analyst targets.",0.264296,1.0
20260218T050949,Alibaba RynnBrain AI Launch Adds New Angle For BABA Valuation Story,"Alibaba Group Holding Ltd. has launched RynnBrain, an open-source AI foundation model for robotics and real-world automation, expanding its AI capabilities beyond its existing Qwen models. This move positions Alibaba deeper into AI for physical tasks and automation, putting it in more direct competition with global tech companies in the AI space. Investors are encouraged to consider how this affects Alibaba's long-term role in AI infrastructure, while being mindful of adoption rates and execution risks.",0.3215,1.0
20260218T122803,Alibaba: Risk Outweighs Reward In Its Q3 Earnings Despite AI Chips (NYSE:BABA),"Alibaba (BABA) has been rated a Sell due to modest growth, compressed margins, and declining earnings, despite a recent 30% stock rally driven by valuation multiple expansion rather than improved fundamentals. The company's Q2 2026 saw a significant drop in income from operations and negative levered free cash flow due to heavy AI and tech investments. The upcoming Q3 earnings are considered pivotal, with only clear AI-driven earnings improvement potentially challenging the bearish outlook.",-0.494845,1.0
20260220T045955,"Alibaba, Baidu shares slide after brief mention in Pentagon blacklist","Alibaba Group and Baidu shares experienced sharp declines in Hong Kong after a brief, subsequently withdrawn, mention on a U.S. Pentagon list of companies with ties to the Chinese military. The incident, occurring amidst strained U.S.-China relations, also impacted other Hong Kong-listed tech stocks like BYD and Tencent. Concerns over potential U.S. sanctions and significant spending on AI further pressured these companies.",-0.361912,1.0
20260221T022020,"HK$147.10 intraday: 9988.HK Alibaba HKSE Feb 2026, earnings 24 Feb in focus","Alibaba Group's stock (9988.HK) dropped to HK$147.10 intraday on February 21, 2026, as traders positioned ahead of its earnings report on February 24, 2026. The stock is showing oversold technical indicators, but fundamental metrics like PE 19.85 and EPS 7.41 suggest underlying earnings strength. Meyka AI rates 9988.HK with a ""HOLD"" grade and forecasts potential upside, while advising caution due to earnings-driven volatility.",-0.226692,1.0
